Parsed URL,Broken Link,Link Text
https://ssiddique.info,https://ssiddique.info/is-ryzen-5-4500u-good-for-programming-an-honest-review.html,Is Ryzen 5 4500U Good For Programming?
https://ssiddique.info,https://ssiddique.info/ryzen-for-programming.html,How Good Ryzen Is for Programming
https://ssiddique.info,https://www.amazon.com/Introduction-Machine-Learning-Python-Scientists/dp/1449369413,Introduction to Machine Learning with Python” by Andreas C. Müller a
https://ssiddique.info,https://www.amazon.com/exec/obidos/ASIN/0387310738/acmorg-20,Pattern Recognition and Machine Learning” by Christopher M. Bishop
https://ssiddique.info,https://www.amazon.com/Hands-Machine-Learning-Scikit-Learn-TensorFlow/dp/1098125975/ref=sr_1_1?crid=3EOBN1KZ5O561&keywords=Hands-On+Machine+Learning+with+Scikit-Learn%2C+Keras%2C+and+TensorFlow%22+by+Aur%C3%A9lien+G%C3%A9ron%3A&qid=1698171833&s=books&sprefix=hands-on+machine+learning+with+scikit-learn%2C+keras%2C+and+tensorflow+by+aur%C3%A9lien+g%C3%A9ron+%2Cstripbooks-intl-ship%2C262&sr=1-1,"Hands-On Machine Learning with Scikit-Learn, Keras, and TensorFlow” by Aurélien Géron:"
https://ssiddique.info,https://ssiddique.info/linux-distributions,Linux distributions
https://ssiddique.info,https://ssiddique.info/linux-distributions,Linux distributions
https://ssiddique.info,"https://www.amazon.com/Lenovo-ThinkPad-Yoga-Gen-Touchscreen/dp/B09SPWWM64?crid=1SJETJSO23U1S&keywords=laptops%2Bthinkpad&qid=1680070240&sprefix=laptops%2Bthinkpad,aps,911&sr=8-5&th=1&linkCode=sl1&tag=ssiddique0b-20&linkId=fddff4bffde990114fa1d04c7b4a2a84&language=en_US&ref_=as_li_ss_tl",Lenovo ThinkPad X1 Yoga Gen 6
https://ssiddique.info,https://www.lenovo.com/pk/en/laptops/thinkpad/thinkpad-x1/X1-Carbon-Gen-8-/p/22TP2X1X1C8,See at Lenono (Discontinued)
https://ssiddique.info,"https://www.amazon.com/Lenovo-ThinkPad-Yoga-Gen-Touchscreen/dp/B09SPWWM64?crid=1SJETJSO23U1S&keywords=laptops%2Bthinkpad&qid=1680070240&sprefix=laptops%2Bthinkpad,aps,911&sr=8-5&th=1&linkCode=sl1&tag=ssiddique0b-20&linkId=fddff4bffde990114fa1d04c7b4a2a84&language=en_US&ref_=as_li_ss_tl",See Price on Amazon
https://ssiddique.info,https://www.lenovo.com/pk/en/laptops/thinkpad/thinkpad-x1/X1-Yoga-G6/p/22TP2X1X1Y6?orgRef=https%253A%252F%252Fwww.google.com%252F,See On Lenovo (Discontinued)
https://ssiddique.info,https://amzn.to/3j3Z9hI,
https://ssiddique.info,https://www.lenovo.com/pk/en/laptops/thinkpad/thinkpad-x1/ThinkPad-X1-Extreme-Gen-3/p/22TP2X1X1E3,See on Lenovo (Discontinued)
https://ssiddique.info,https://www.lenovo.com/pk/en/laptops/thinkpad/thinkpad-x1/X1-Yoga-G6/p/22TP2X1X1Y6?orgRef=https%253A%252F%252Fwww.google.com%252F,See at Lenovo (discontinued)
